a,b,c,a_plus_b,b_plus_c,c_plus_a,period,pre_period,bit_period,pre_bit_period,comment
1,2,3,3,5,5,4,0,4,0,"周期4系。0:非0=1:3。■公差1の等差数列"
1,2,4,3,6,5,3,0,3,0,"a+b=3。 a+b というのは動くcがないので定数 3 と考えていい。 {1. *. *} の段では九九は {1. b. b} になるから成立しない残念。 コンマの変わりにドット打つので注意"
1,2,6,3,8,7,7,0,7,0,"c+a。 c が3の倍数なら c+a か？ ★ {a=1. b=2. c=3n} のとき、周期3n+1 は既出。 c+a(mod 3)==1 なら c+a は周期と言えるか？"
1,2,8,3,10,9,3,0,3,0,"a+b。　なんか a+b は 3 だし、 c+a は 3n+1 だし、その２種類だけな気がするな"
1,2,10,3,12,11,3,0,3,0,"a+b"
1,2,12,3,14,13,13,0,13,0,"c+a=13。 13は素数。 c が3の倍数"
1,2,14,3,16,15,3,0,3,0,"a+b"
1,2,16,3,18,17,3,0,3,0,"a+b"
1,2,18,3,20,19,19,0,19,0,"c+a=19。 19は素数。 c が3の倍数"
1,2,20,3,22,21,3,0,3,0,"a+b。 {1. 2. 2n} は aca aca aca のように見える"
1,2,22,3,24,23,3,0,3,0,"a+b"
1,2,24,3,26,25,25,0,25,0,"c+a=25。 25は素数ではない。 cが3の倍数"
1,2,26,3,28,27,-1
1,2,28,3,30,29,3,0,3,0,"a+b"
1,2,30,3,32,31,31,0,31,0,"c+a=31。 31は素数。 c が3の倍数"
1,2,32,3,34,33,-1
1,2,34,3,36,35,-1
1,2,36,3,38,37,37,0,37,0,"c+a=37。 37は素数。 c が3の倍数"
1,2,38,3,40,39,-1
1,2,40,3,42,41,-1
1,2,42,3,44,43,43,0,43,0,"c+a=43。 37は素数。 c が3の倍数。 {a=1. b=2. c=3n} のとき、周期3n+1で、『3n+1型の素数』というものがあるらしい"
1,2,44,3,46,45,-1
1,2,46,3,48,47,-1
1,2,48,3,50,49,-1
1,2,50,3,52,51,-1
1,3,5,4,8,6,2,0,2,0,"周期2 [全奇数]"
1,3,6,4,9,7,9,0,9,0,"b+c。 b+cは（c+aも） c<周期 のケースでよく見かける。 cが3の倍数なのは変則的か？っていうかbnが3の倍数になる。 なんか {1. 3. *} の段は いわゆるあの定数a+bが来ないな"
1,3,9,4,12,10,2,0,2,0,"周期2系。交互系か？ {1. 奇. 奇}?"
1,3,12,4,15,13,15,0,15,0,"b+c"
1,3,15,4,18,16,2,0,2,0,"周期2系。交互系か？ {1. 奇. 奇}?"
1,3,18,4,21,19,21,0,21,0,"b+c"
1,3,21,4,24,22,2,0,2,0,"周期2系。交互系か？ {1. 奇. 奇}?"
1,3,24,4,27,25,27,0,27,0,"b+c"
1,3,27,4,30,28,2,0,2,0,"周期2系。交互系か？ {1. 奇. 奇}?"
1,3,30,4,33,31,33,0,33,0,"b+c。 {1. 3. 3n} は b+c と 2 が交互にくるように見える"
1,4,7,5,11,8,8,0,8,0,"p=c+a=8 [oeo] [♪Cdim]"
1,4,8,5,12,9,12,0,12,0,"b+c=12 [♪Cm]"
1,4,12,5,16,13,13,0,13,0,"c+a。 c が3の倍数"
1,4,16,5,20,17,5,0,5,0,"a+b。いわゆる あの定数。 {1. 4. *} の段では 5"
1,4,20,5,24,21,21,26,21,21,"c+a。 [尻尾a+b+c+1=26] が26ありcより長い。 c は3の倍数ではない。4×5=20? {1. 4. 20n} は★変則？"
1,4,24,5,28,25,5,0,5,0,"a+b"
1,4,28,5,32,29,32,0,32,0,"b+c"
1,4,32,5,36,33,33,0,33,0,"c+a。 4×8=32?"
1,4,36,5,40,37,5,0,5,0,"a+b"
1,4,40,5,44,41,41,46,41,41,"c+a。 [尻尾a+b+c+1=46] ★変則"
1,4,60,5,64,61,61,66,61,61,"c+a [尻尾a+b+c+1=66]"
1,5,7,6,12,8,2,0,2,0,"p=2 [ooo] [♪C-5]"
1,5,8,6,13,9,13,0,13,0,"b+c=13 [ooe] [♪C]"
1,5,9,6,14,10,2,0,2,0,"p=2 [ooo] [♪Caug]"
1,5,10,6,15,11,15,0,15,0,"b+c。 cが3の倍数ではなく、2の倍数？"
1,5,15,6,20,16,2,0,2,0,"周期2系。交互系か？ {1. 奇. 奇}?"
1,5,20,6,25,21,25,0,25,0,"b+c"
1,5,25,6,30,26,2,0,2,0,"周期2系。交互系か？ {1. 奇. 奇}?"
1,5,30,6,35,31,35,0,35,0,"b+c"
1,5,35,6,40,36,2,0,2,0,"周期2系。交互系か？ {1. 奇. 奇}?"
1,5,40,6,45,41,45,0,45,0,"b+c"
1,5,45,6,50,46,2,0,2,0,"周期2系。交互系か？ {1. 奇. 奇}?"
1,5,50,6,55,51,55,0,55,0,"b+c。 {1. 5. 5n} は b+c と 2 が交互にくるように見える"
1,6,8,7,14,9,7,0,7,0,"p=c-a=7 [oee] [♪Csus4]"
1,6,12,7,18,13,18,0,18,0,"b+c"
1,6,18,7,24,19,19,0,19,0,"c+a=19。 3n+1型の素数。 あー、しんどい！"
1,6,24,7,30,25,30,0,30,0,"b+c。 cは3の倍数、っていうか6の倍数。"
1,6,30,7,36,31,31,32,31,31,"c+a=31。 [尻尾a+b] 3n+1型の素数"
1,6,36,7,42,37,7,0,7,0,"a+b=7 いわゆる定数"
1,6,42,7,48,43,-1
1,6,48,7,54,49,-1
1,6,54,7,60,55,-1
1,6,60,7,66,61,61,0,61,0,"c+a"
1,6,90,7,96,91,7,0,7,0,"a+b"
1,7,14,8,21,15,21,0,21,0,"b+c。 bは3の倍数ではなく、cが偶数？"
1,7,21,8,28,22,2,0,2,0,"周期2系。交互系か？ {1. 奇. 奇}?"
1,7,28,8,35,29,35,0,35,0,"b+c"
1,7,35,8,42,36,2,0,2,0,"周期2系。交互系か？ {1. 奇. 奇}?"
1,7,42,8,49,43,49,0,49,0,"b+c。 なんか {1. 3. *} とか、 {1. 5. *} のケースと似てるな"
1,7,49,8,56,50,2,0,2,0,"周期2系。交互系か？"
1,7,56,8,63,57,-1
1,7,63,8,70,64,-1
1,7,70,8,77,71,-1
1,8,16,9,24,17,24,0,24,0,"b+c系"
1,8,24,9,32,25,-1
1,8,32,9,40,33,-1
1,8,40,9,48,41,41,42,41,41,"c+a [尻尾a+c+1]"
1,8,48,9,56,49,-1
1,8,56,9,64,57,-1
1,8,64,9,72,65,-1
1,8,72,9,80,73,-1
1,8,80,9,88,81,-1
1,9,18,10,27,19,27,0,27,0,"b+c。 bが3の倍数のときパターンが分からないな"
1,9,27,10,36,28,2,0,2,0,"周期2系。交互系か？ {1. 奇. 奇}?"
1,9,36,10,45,37,-1
1,9,45,10,54,46,2,0,2,0,"周期2系。交互系か？ {1. 奇. 奇}?"
1,9,54,10,63,55,-1
1,9,63,10,72,64,-1
1,9,72,10,81,73,-1
1,9,81,10,90,82,-1
1,9,90,10,99,91,-1
1,10,20,11,30,21,30,0,30,0,"b+c。 bもcも3の倍数ではなく、cが2の倍数？"
1,10,30,11,40,31,31,0,31,0,"c+a。 cが3の倍数"
1,10,40,11,50,41,50,0,50,0,"b+c。 cが3の倍数ではなく、2の倍数？"
1,10,50,11,60,51,51,52,51,51,"c+a。 cは3の倍数ではない。変則的？"
1,10,60,11,70,61,70,0,70,0,"b+c。 cが3の倍数ではなく、2の倍数？"
1,10,70,11,80,71,-1
1,10,80,11,90,81,-1
1,10,90,11,100,91,-1
1,10,100,11,110,101,-1
1,11,22,12,33,23,33,0,33,0,"b+c"
1,11,33,12,44,34,2,0,2,0,"周期2系。交互系か？ {1. 奇. 奇}?"
1,11,44,12,55,45,-1
1,11,55,12,66,56,-1
1,11,66,12,77,67,-1
1,11,77,12,88,78,-1
1,11,88,12,99,89,-1
1,11,99,12,110,100,-1
1,11,110,12,121,111,-1,-1,-1,-1,"あー、しんどい！ 1の段は省略する"
1,12,24,13,36,25,-1
1,12,36,13,48,37,-1
1,12,48,13,60,49,-1
1,12,60,13,72,61,-1
1,12,72,13,84,73,-1
1,12,84,13,96,85,-1
1,12,96,13,108,97,-1
1,12,108,13,120,109,-1
1,12,120,13,132,121,-1
2,3,6,5,9,8,9,0,9,0,"b+c。 やった九九だ！ つまり {a. b. ab} だ！ 2×3＝6だが特に何もなし。九九に c+a が多いのにこれは b+c だし"
2,3,9,5,12,11,11,0,11,0,"c+a。"
2,3,12,5,15,14,5,0,5,0,"a+b=5。 いわゆる定数。どういうとき定数なのか？"
2,3,15,5,18,17,17,0,17,0,"c+a"
2,3,18,5,21,20,5,0,5,0,"a+b=5"
2,3,21,5,24,23,24,0,24,0,"b+c"
2,3,24,5,27,26,26,0,26,0,"c+a。p=26"
2,3,27,5,30,29,5,0,5,0,"a+b=5"
2,3,30,5,33,32,32,0,32,0,"c+a"
2,3,33,5,36,35,5,0,5,0,"a+b=5"
2,3,36,5,39,38,39,0,39,0,"b+c"
2,3,42,5,45,44,5,0,5,0,"a+b=5"
2,3,48,5,51,50,5,0,5,0,"a+b=5"
2,3,54,5,57,56,56,0,56,0,"c+a"
2,3,60,5,63,62,62,0,62,0,"c+a。 {2. 3. 3n} は baacc に見える"
2,4,8,6,12,10,6,0,6,0,"a+b。 九九"
2,4,16,6,20,18,6,0,6,0,"a+b。 n=2。 a<=n<=b"
2,4,24,6,28,26,26,0,26,0,"c+a。 あー、しんどい！"
2,4,32,6,36,34,6,0,6,0,"a+b。 n=4。 a<=n<=b"
2,4,40,6,44,42,6,0,6,0,"a+b。 n=5。 a<=n<=b"
2,4,48,6,52,50,-1
2,4,56,6,60,58,-1
2,4,64,6,68,66,-1
2,4,72,6,76,74,-1
2,4,80,6,84,82,-1
2,5,6,7,11,8,11,0,11,0,"b+c"
2,5,8,7,13,10,10,0,10,0,"c+a=10 [♪C#dim]"
2,5,9,7,14,11,7,0,7,0,"a+b=7 [eoo] [♪C#m]"
2,5,10,7,15,12,15,0,15,0,"b+c。九九"
2,5,20,7,25,22,-1
2,5,30,7,35,32,-1
2,5,40,7,45,42,-1
2,5,50,7,55,52,-1
2,5,60,7,65,62,-1
2,5,70,7,75,72,-1
2,5,80,7,85,82,-1
2,5,90,7,95,92,-1
2,5,100,7,105,102,-1
2,6,8,8,14,10,14,0,14,0,"b+c [eee] [♪C#-5]"
2,6,9,8,15,11,15,0,15,0,"b+c [eeo] [♪C#]"
2,6,10,8,16,12,4,0,4,0,"c-b=4 [eee] [♪C#aug] ★変則？ 位相が１つずれれば重なる"
2,6,12,8,18,14,18,0,18,0,"b+c。九九"
2,6,24,8,30,26,-1
2,6,36,8,42,38,-1
2,6,48,8,54,50,-1
2,6,60,8,66,62,-1
2,6,72,8,78,74,-1
2,6,84,8,90,86,-1
2,6,96,8,102,98,-1
2,6,108,8,114,110,-1
2,6,120,8,126,122,-1
2,7,9,9,16,11,15,0,15,0,"p=b-1+c=15 [eoo] [♪C#sus4] ★変則？"
2,7,14,9,21,16,21,0,21,0,"b+c。九九"
2,7,28,9,35,30,-1
2,7,42,9,49,44,-1
2,7,56,9,63,58,-1
2,7,70,9,77,72,-1
2,7,84,9,91,86,-1
2,7,98,9,105,100,-1
2,7,112,9,119,114,-1
2,7,126,9,133,128,-1
2,7,140,9,147,142,-1
2,8,16,10,24,18,-1
2,8,32,10,40,34,-1
2,8,48,10,56,50,-1
2,8,64,10,72,66,-1
2,8,80,10,88,82,-1
2,8,96,10,104,98,-1
2,8,112,10,120,114,-1
2,8,128,10,136,130,-1
2,8,144,10,152,146,-1
2,8,160,10,168,162,-1
2,9,18,11,27,20,-1
2,9,36,11,45,38,-1
2,9,54,11,63,56,-1
2,9,72,11,81,74,-1
2,9,90,11,99,92,-1
2,9,108,11,117,110,-1
2,9,126,11,135,128,-1
2,9,144,11,153,146,-1
2,9,162,11,171,164,-1
2,9,180,11,189,182,-1
2,10,20,12,30,22,-1
2,10,40,12,50,42,-1
2,10,60,12,70,62,-1
2,10,80,12,90,82,-1
2,10,100,12,110,102,-1
2,10,120,12,130,122,-1
2,10,140,12,150,142,-1
2,10,160,12,170,162,-1
2,10,180,12,190,182,-1
2,10,200,12,210,202,-1
2,11,22,13,33,24,-1
2,11,44,13,55,46,-1
2,11,66,13,77,68,-1
2,11,88,13,99,90,-1
2,11,110,13,121,112,-1
2,11,132,13,143,134,-1
2,11,154,13,165,156,-1
2,11,176,13,187,178,-1
2,11,198,13,209,200,-1
2,11,220,13,231,222,-1
2,12,24,14,36,26,-1
2,12,48,14,60,50,-1
2,12,72,14,84,74,-1
2,12,96,14,108,98,-1
2,12,120,14,132,122,-1
2,12,144,14,156,146,-1
2,12,168,14,180,170,-1
2,12,192,14,204,194,-1
2,12,216,14,228,218,-1
2,12,240,14,252,242,-1
3,4,12,7,16,15,15,0,15,0,"c+a。九九。3×4=12だが特に何もなし"
3,4,24,7,28,27,-1
3,4,36,7,40,39,-1
3,4,48,7,52,51,-1
3,4,60,7,64,63,-1
3,4,72,7,76,75,-1
3,4,84,7,88,87,-1
3,4,96,7,100,99,-1
3,4,108,7,112,111,-1
3,4,120,7,124,123,-1
3,5,15,8,20,18,18,0,18,0,"c+a。九九。 {3. 奇. 奇} はエラーじゃないんだ?"
3,5,30,8,35,33,33,0,33,0,"c+a"
3,5,45,8,50,48,8,0,8,0,"a+b=8。n=3。 いわゆる定数。 {3. 奇. 奇} はエラーじゃないんだ?"
3,5,60,8,65,63,8,0,8,0,"a+b。n=4。"
3,5,75,8,80,78,8,0,8,0,"a+b。n=5。 a<=n<=b だったりする？"
3,5,90,8,95,93,95,0,95,0,"b+c。n=6。 このパターン分からん"
3,5,105,8,110,108,2,206,2,203,"周期2系。交互系か？ b-a=2。変則的だな"
3,5,120,8,125,123,123,0,123,0,"c+a。 cが3の倍数だし"
3,5,135,8,140,138,138,0,138,0,"c+a。 aが3なのだから {3. 5. *} の段のcはすべて3の倍数のはずだよな"
3,5,150,8,155,153,153,0,153,0,"c+a。"
3,6,9,9,15,12,12,0,12,0,"c+a=12 [♪Ddim]"
3,6,10,9,16,13,13,12,13,6,"c+a=13 [♪Dm] [尻尾c+a-1=12]"
3,6,18,9,24,21,21,0,21,0,"c+a。九九"
3,6,36,9,42,39,39,0,39,0,"c+a"
3,6,54,9,60,57,57,0,57,0,"c+a"
3,6,72,9,78,75,75,0,75,0,"c+a"
3,6,90,9,96,93,93,0,93,0,"c+a"
3,6,108,9,114,111,-1
3,6,126,9,132,129,-1
3,6,144,9,150,147,-1
3,6,162,9,168,165,-1
3,6,180,9,186,183,-1
3,7,8,10,15,11,5,11,5,8,"周期5系 [尻尾c+a]"
3,7,9,10,16,12,2,14,2,11,"p=2 [ooo][全奇数] [尻尾b-1+c-1=14] [♪D-5] ★変則か？"
3,7,10,10,17,13,45,0,45,0,"p=45 ★変則？ [ooE] [♪D]"
3,7,11,10,18,14,14,0,14,0,"周期c+a=14 [♪Daug]"
3,7,21,10,28,24,24,0,24,0,"c+a"
3,7,42,10,49,45,5,39,5,36,"周期5系、交互系。 [尻尾c-a] ★変則系か？"
3,7,63,10,70,66,10,0,10,0,"a+b"
3,7,84,10,91,87,-1
3,7,105,10,112,108,-1
3,7,126,10,133,129,-1
3,7,147,10,154,150,-1
3,7,168,10,175,171,-1
3,7,189,10,196,192,-1
3,7,210,10,217,213,-1
3,8,10,11,18,13,18,0,18,0,"b+c [♪Dsus4]"
3,8,24,11,32,27,-1
3,8,48,11,56,51,-1
3,8,72,11,80,75,-1
3,8,96,11,104,99,-1
3,8,120,11,128,123,-1
3,8,144,11,152,147,-1
3,8,168,11,176,171,-1
3,8,192,11,200,195,-1
3,8,216,11,224,219,-1
3,8,240,11,248,243,-1
3,9,27,12,36,30,6,0,6,0,"周期6系。交互系か？ b-aか？ {3. 奇. 奇}?"
3,9,54,12,63,57,-1
3,9,81,12,90,84,-1
3,9,108,12,117,111,-1
3,9,135,12,144,138,-1
3,9,162,12,171,165,-1
3,9,189,12,198,192,-1
3,9,216,12,225,219,-1
3,9,243,12,252,246,-1
3,9,270,12,279,273,-1
3,10,30,13,40,33,33,0,33,0,"c+a"
3,10,60,13,70,63,-1
3,10,90,13,100,93,-1
3,10,120,13,130,123,-1
3,10,150,13,160,153,-1
3,10,180,13,190,183,-1
3,10,210,13,220,213,-1
3,10,240,13,250,243,-1
3,10,270,13,280,273,-1
3,10,300,13,310,303,-1
3,11,33,14,44,36,-1
3,11,66,14,77,69,-1
3,11,99,14,110,102,-1
3,11,132,14,143,135,-1
3,11,165,14,176,168,-1
3,11,198,14,209,201,-1
3,11,231,14,242,234,-1
3,11,264,14,275,267,-1
3,11,297,14,308,300,-1
3,11,330,14,341,333,-1
3,12,36,15,48,39,-1
3,12,72,15,84,75,-1
3,12,108,15,120,111,-1
3,12,144,15,156,147,-1
3,12,180,15,192,183,-1
3,12,216,15,228,219,-1
3,12,252,15,264,255,-1
3,12,288,15,300,291,-1
3,12,324,15,336,327,-1
3,12,360,15,372,363,-1
3,13,15,16,28,18,2,26,2,23,"周期2、[尻尾b-1+c-1=26] [全奇数]"
3,13,39,16,52,42,-1
3,13,78,16,91,81,-1
3,13,117,16,130,120,-1
3,13,156,16,169,159,-1
3,13,195,16,208,198,-1
3,13,234,16,247,237,-1
3,13,273,16,286,276,-1
3,13,312,16,325,315,-1
3,13,351,16,364,354,-1
3,13,390,16,403,393,-1
4,5,20,9,25,24,25,0,25,0,"b+c。周期が25なのに、ゲームのサイズが 20 しかない。"
4,5,40,9,45,44,9,0,9,0,"a+b=9。定数"
4,5,60,9,65,64,64,0,64,0,"c+a。"
4,5,80,9,85,84,-1
4,5,100,9,105,104,-1
4,5,120,9,125,124,-1
4,5,140,9,145,144,-1
4,5,160,9,165,164,-1
4,5,180,9,185,184,-1
4,5,200,9,205,204,-1
4,6,24,10,30,28,-1
4,6,48,10,54,52,52,0,52,0,"c+a。"
4,6,72,10,78,76,78,0,78,0,"b+c. n=3 This is not a <= n <= b. 思ってるのと違う"
4,6,96,10,102,100,-1
4,6,120,10,126,124,-1
4,6,144,10,150,148,-1
4,6,168,10,174,172,-1
4,6,192,10,198,196,-1
4,6,216,10,222,220,-1
4,6,240,10,246,244,-1
4,7,10,11,17,14,14,0,14,0,"周期c+a [♪D#dim]"
4,7,11,11,18,15,15,0,15,0,"周期c+a [♪D#m]"
4,7,28,11,35,32,-1
4,7,56,11,63,60,-1
4,7,84,11,91,88,-1
4,7,112,11,119,116,-1
4,7,140,11,147,144,-1
4,7,168,11,175,172,-1
4,7,196,11,203,200,-1
4,7,224,11,231,228,-1
4,7,252,11,259,256,-1
4,7,280,11,287,284,-1
4,8,10,12,18,14,14,0,14,0,"周期c+a=14 [♪D#-5]"
4,8,11,12,19,15,15,0,15,0,"周期c+a=15 [♪D#]"
4,8,12,12,20,16,16,0,16,0,"周期c+a=16 [♪D#aug]"
4,8,32,12,40,36,-1
4,8,64,12,72,68,-1
4,8,96,12,104,100,-1
4,8,128,12,136,132,-1
4,8,160,12,168,164,-1
4,8,192,12,200,196,-1
4,8,224,12,232,228,-1
4,8,256,12,264,260,-1
4,8,288,12,296,292,-1
4,8,320,12,328,324,-1
4,9,10,13,19,14,13,14,13,10,"周期a+b"
4,9,11,13,20,15,5,40,5,27,"周期b-a [尻尾40] [♪D#sus4]"
4,9,19,13,28,23,23,52,23,48,"★変則 [尻尾52]"
4,9,36,13,45,40,-1
4,9,72,13,81,76,-1
4,9,108,13,117,112,-1
4,9,144,13,153,148,-1
4,9,180,13,189,184,-1
4,9,216,13,225,220,-1
4,9,252,13,261,256,-1
4,9,288,13,297,292,-1
4,9,324,13,333,328,-1
4,9,360,13,369,364,-1
4,10,40,14,50,44,-1
4,10,80,14,90,84,-1
4,10,120,14,130,124,-1
4,10,160,14,170,164,-1
4,10,200,14,210,204,-1
4,10,240,14,250,244,-1
4,10,280,14,290,284,-1
4,10,320,14,330,324,-1
4,10,360,14,370,364,-1
4,10,400,14,410,404,-1
4,11,44,15,55,48,-1
4,11,88,15,99,92,-1
4,11,132,15,143,136,-1
4,11,176,15,187,180,-1
4,11,220,15,231,224,-1
4,11,264,15,275,268,-1
4,11,308,15,319,312,-1
4,11,352,15,363,356,-1
4,11,396,15,407,400,-1
4,11,440,15,451,444,-1
4,12,48,16,60,52,-1
4,12,96,16,108,100,-1
4,12,144,16,156,148,-1
4,12,192,16,204,196,-1
4,12,240,16,252,244,-1
4,12,288,16,300,292,-1
4,12,336,16,348,340,-1
4,12,384,16,396,388,-1
4,12,432,16,444,436,-1
4,12,480,16,492,484,-1
4,13,52,17,65,56,-1
4,13,104,17,117,108,-1
4,13,156,17,169,160,-1
4,13,208,17,221,212,-1
4,13,260,17,273,264,-1
4,13,312,17,325,316,-1
4,13,364,17,377,368,-1
4,13,416,17,429,420,-1
4,13,468,17,481,472,-1
4,13,520,17,533,524,-1
4,14,56,18,70,60,-1
4,14,112,18,126,116,-1
4,14,168,18,182,172,-1
4,14,224,18,238,228,-1
4,14,280,18,294,284,-1
4,14,336,18,350,340,-1
4,14,392,18,406,396,-1
4,14,448,18,462,452,-1
4,14,504,18,518,508,-1
4,14,560,18,574,564,-1
5,6,30,11,36,35,35,0,35,0,"c+a。5×60=30だが特に何もなし"
5,6,60,11,66,65,11,0,11,0,"b+c"
5,6,90,11,96,95,-1
5,6,120,11,126,125,-1
5,6,150,11,156,155,-1
5,6,180,11,186,185,-1
5,6,210,11,216,215,-1
5,6,240,11,246,245,-1
5,6,270,11,276,275,-1
5,6,300,11,306,305,-1
5,7,13,12,20,18,2,40,2,35,"周期2、尻尾40 [全奇数]"
5,7,35,12,42,40,40,0,40,0,"c+a。 九九"
5,7,70,12,77,75,-1
5,7,105,12,112,110,110,0,110,0,"c+a"
5,7,140,12,147,145,-1
5,7,175,12,182,180,-1
5,7,210,12,217,215,-1
5,7,245,12,252,250,-1
5,7,280,12,287,285,-1
5,7,315,12,322,320,-1
5,7,350,12,357,355,-1
5,8,15,13,23,20,23,23,23,18,"b+c"
5,8,40,13,48,45,-1
5,8,80,13,88,85,-1
5,8,120,13,128,125,-1
5,8,160,13,168,165,-1
5,8,200,13,208,205,-1
5,8,240,13,248,245,-1
5,8,280,13,288,285,-1
5,8,320,13,328,325,-1
5,8,360,13,368,365,-1
5,8,400,13,408,405,-1
5,9,45,14,54,50,-1
5,9,90,14,99,95,-1
5,9,135,14,144,140,-1
5,9,180,14,189,185,-1
5,9,225,14,234,230,-1
5,9,270,14,279,275,-1
5,9,315,14,324,320,-1
5,9,360,14,369,365,-1
5,9,405,14,414,410,-1
5,9,450,14,459,455,-1
5,10,50,15,60,55,-1
5,10,100,15,110,105,-1
5,10,150,15,160,155,-1
5,10,200,15,210,205,-1
5,10,250,15,260,255,-1
5,10,300,15,310,305,-1
5,10,350,15,360,355,-1
5,10,400,15,410,405,-1
5,10,450,15,460,455,-1
5,10,500,15,510,505,-1
5,11,55,16,66,60,-1
5,11,110,16,121,115,-1
5,11,165,16,176,170,-1
5,11,220,16,231,225,-1
5,11,275,16,286,280,-1
5,11,330,16,341,335,-1
5,11,385,16,396,390,-1
5,11,440,16,451,445,-1
5,11,495,16,506,500,-1
5,11,550,16,561,555,-1
5,12,60,17,72,65,-1
5,12,120,17,132,125,-1
5,12,180,17,192,185,-1
5,12,240,17,252,245,-1
5,12,300,17,312,305,-1
5,12,360,17,372,365,-1
5,12,420,17,432,425,-1
5,12,480,17,492,485,-1
5,12,540,17,552,545,-1
5,12,600,17,612,605,-1
5,13,65,18,78,70,-1
5,13,130,18,143,135,-1
5,13,195,18,208,200,-1
5,13,260,18,273,265,-1
5,13,325,18,338,330,330,344,330,327,"c+a"
5,13,390,18,403,395,395,396,395,391,"c+a。適当に選んだが変な数字だ"
5,13,455,18,468,460,18,0,18,0,"a+b。n=7。a<=n<=b。いわゆる定数"
5,13,520,18,533,525,-1
5,13,585,18,598,590,-1
5,13,650,18,663,655,-1
5,14,70,19,84,75,-1
5,14,140,19,154,145,-1
5,14,210,19,224,215,-1
5,14,280,19,294,285,-1
5,14,350,19,364,355,-1
5,14,420,19,434,425,-1
5,14,490,19,504,495,-1
5,14,560,19,574,565,-1
5,14,630,19,644,635,-1
5,14,700,19,714,705,-1
5,15,75,20,90,80,-1
5,15,150,20,165,155,-1
5,15,225,20,240,230,-1
5,15,300,20,315,305,-1
5,15,375,20,390,380,-1
5,15,450,20,465,455,-1
5,15,525,20,540,530,-1
5,15,600,20,615,605,-1
5,15,675,20,690,680,-1
5,15,750,20,765,755,-1
6,7,42,13,49,48,-1
6,7,84,13,91,90,-1
6,7,126,13,133,132,-1
6,7,168,13,175,174,-1
6,7,210,13,217,216,-1
6,7,252,13,259,258,-1
6,7,294,13,301,300,-1
6,7,336,13,343,342,-1
6,7,378,13,385,384,-1
6,7,420,13,427,426,-1
6,8,48,14,56,54,-1
6,8,96,14,104,102,-1
6,8,144,14,152,150,-1
6,8,192,14,200,198,-1
6,8,240,14,248,246,-1
6,8,288,14,296,294,-1
6,8,336,14,344,342,-1
6,8,384,14,392,390,-1
6,8,432,14,440,438,-1
6,8,480,14,488,486,-1
6,9,54,15,63,60,-1
6,9,108,15,117,114,-1
6,9,162,15,171,168,-1
6,9,216,15,225,222,-1
6,9,270,15,279,276,-1
6,9,324,15,333,330,-1
6,9,378,15,387,384,-1
6,9,432,15,441,438,-1
6,9,486,15,495,492,-1
6,9,540,15,549,546,-1
6,10,60,16,70,66,-1
6,10,120,16,130,126,-1
6,10,180,16,190,186,-1
6,10,240,16,250,246,-1
6,10,300,16,310,306,-1
6,10,360,16,370,366,-1
6,10,420,16,430,426,-1
6,10,480,16,490,486,-1
6,10,540,16,550,546,-1
6,10,600,16,610,606,-1
6,11,66,17,77,72,-1
6,11,132,17,143,138,-1
6,11,198,17,209,204,-1
6,11,264,17,275,270,-1
6,11,330,17,341,336,-1
6,11,396,17,407,402,-1
6,11,462,17,473,468,-1
6,11,528,17,539,534,-1
6,11,594,17,605,600,-1
6,11,660,17,671,666,-1
6,12,72,18,84,78,-1
6,12,144,18,156,150,-1
6,12,216,18,228,222,-1
6,12,288,18,300,294,-1
6,12,360,18,372,366,366,0,366,0,"c+a"
6,12,432,18,444,438,-1
6,12,504,18,516,510,-1
6,12,576,18,588,582,-1
6,12,648,18,660,654,-1
6,12,720,18,732,726,-1
6,13,78,19,91,84,-1
6,13,156,19,169,162,-1
6,13,234,19,247,240,-1
6,13,312,19,325,318,-1
6,13,390,19,403,396,-1
6,13,468,19,481,474,-1
6,13,546,19,559,552,-1
6,13,624,19,637,630,-1
6,13,702,19,715,708,-1
6,13,780,19,793,786,-1
6,14,21,20,35,27,27,42,27,22,"c+a [尻尾a+b+c+1=42]"
6,14,84,20,98,90,-1
6,14,168,20,182,174,-1
6,14,252,20,266,258,-1
6,14,336,20,350,342,-1
6,14,420,20,434,426,-1
6,14,504,20,518,510,-1
6,14,588,20,602,594,-1
6,14,672,20,686,678,-1
6,14,756,20,770,762,-1
6,14,840,20,854,846,-1
6,15,90,21,105,96,-1
6,15,180,21,195,186,-1
6,15,270,21,285,276,-1
6,15,360,21,375,366,-1
6,15,450,21,465,456,-1
6,15,540,21,555,546,-1
6,15,630,21,645,636,-1
6,15,720,21,735,726,-1
6,15,810,21,825,816,-1
6,15,900,21,915,906,-1
6,16,96,22,112,102,-1
6,16,192,22,208,198,-1
6,16,288,22,304,294,-1
6,16,384,22,400,390,-1
6,16,480,22,496,486,-1
6,16,576,22,592,582,-1
6,16,672,22,688,678,-1
6,16,768,22,784,774,-1
6,16,864,22,880,870,-1
6,16,960,22,976,966,-1
7,8,56,15,64,63,63,0,63,0,"c+a。 九九は c+a をよく見かける気がする。つまり {a, b, 1ab} ？"
7,8,112,15,120,119,15,0,15,0,"a+b"
7,8,168,15,176,175,-1
7,8,224,15,232,231,-1
7,8,280,15,288,287,-1
7,8,336,15,344,343,-1
7,8,392,15,400,399,-1
7,8,448,15,456,455,-1
7,8,504,15,512,511,-1
7,8,560,15,568,567,-1
7,9,63,16,72,70,-1
7,9,126,16,135,133,-1
7,9,189,16,198,196,-1
7,9,252,16,261,259,-1
7,9,315,16,324,322,-1
7,9,378,16,387,385,-1
7,9,441,16,450,448,-1
7,9,504,16,513,511,-1
7,9,567,16,576,574,-1
7,9,630,16,639,637,-1
7,10,70,17,80,77,-1
7,10,140,17,150,147,-1
7,10,210,17,220,217,-1
7,10,280,17,290,287,-1
7,10,350,17,360,357,-1
7,10,420,17,430,427,-1
7,10,490,17,500,497,-1
7,10,560,17,570,567,-1
7,10,630,17,640,637,-1
7,10,700,17,710,707,-1
7,11,77,18,88,84,-1
7,11,154,18,165,161,-1
7,11,231,18,242,238,-1
7,11,308,18,319,315,-1
7,11,385,18,396,392,-1
7,11,462,18,473,469,-1
7,11,539,18,550,546,-1
7,11,616,18,627,623,-1
7,11,693,18,704,700,-1
7,11,770,18,781,777,-1
7,12,84,19,96,91,-1
7,12,168,19,180,175,-1
7,12,252,19,264,259,-1
7,12,336,19,348,343,-1
7,12,420,19,432,427,-1
7,12,504,19,516,511,-1
7,12,588,19,600,595,-1
7,12,672,19,684,679,-1
7,12,756,19,768,763,-1
7,12,840,19,852,847,-1
7,13,91,20,104,98,-1
7,13,182,20,195,189,-1
7,13,273,20,286,280,-1
7,13,364,20,377,371,-1
7,13,455,20,468,462,-1
7,13,546,20,559,553,-1
7,13,637,20,650,644,-1
7,13,728,20,741,735,-1
7,13,819,20,832,826,-1
7,13,910,20,923,917,-1
7,14,98,21,112,105,-1
7,14,196,21,210,203,-1
7,14,294,21,308,301,-1
7,14,392,21,406,399,-1
7,14,490,21,504,497,-1
7,14,588,21,602,595,-1
7,14,686,21,700,693,-1
7,14,784,21,798,791,-1
7,14,882,21,896,889,-1
7,14,980,21,994,987,-1
7,15,105,22,120,112,-1
7,15,210,22,225,217,-1
7,15,315,22,330,322,-1
7,15,420,22,435,427,-1
7,15,525,22,540,532,-1
7,15,630,22,645,637,-1
7,15,735,22,750,742,-1
7,15,840,22,855,847,-1
7,15,945,22,960,952,-1
7,15,1050,22,1065,1057,-1
7,16,112,23,128,119,-1
7,16,224,23,240,231,-1
7,16,336,23,352,343,-1
7,16,448,23,464,455,-1
7,16,560,23,576,567,-1
7,16,672,23,688,679,-1
7,16,784,23,800,791,-1
7,16,896,23,912,903,-1
7,16,1008,23,1024,1015,-1
7,16,1120,23,1136,1127,-1
7,17,119,24,136,126,-1
7,17,238,24,255,245,-1
7,17,357,24,374,364,-1
7,17,476,24,493,483,-1
7,17,595,24,612,602,-1
7,17,714,24,731,721,-1
7,17,833,24,850,840,-1
7,17,952,24,969,959,-1
7,17,1071,24,1088,1078,-1
7,17,1190,24,1207,1197,-1
7,43,45,50,88,52,2,362,2,355,"周期2、尻尾362 [全奇数]"
8,9,72,17,81,80,81,0,81,0,"b+c。 n=1。 九九"
8,9,144,17,153,152,-1
8,9,216,17,225,224,-1
8,9,288,17,297,296,-1
8,9,360,17,369,368,-1
8,9,432,17,441,440,-1
8,9,504,17,513,512,-1
8,9,576,17,585,584,-1
8,9,648,17,657,656,-1
8,9,720,17,729,728,-1
8,10,80,18,90,88,-1
8,10,160,18,170,168,-1
8,10,240,18,250,248,-1
8,10,320,18,330,328,-1
8,10,400,18,410,408,-1
8,10,480,18,490,488,-1
8,10,560,18,570,568,-1
8,10,640,18,650,648,-1
8,10,720,18,730,728,-1
8,10,800,18,810,808,-1
8,11,88,19,99,96,-1
8,11,176,19,187,184,-1
8,11,264,19,275,272,-1
8,11,352,19,363,360,-1
8,11,440,19,451,448,-1
8,11,528,19,539,536,-1
8,11,616,19,627,624,-1
8,11,704,19,715,712,-1
8,11,792,19,803,800,-1
8,11,880,19,891,888,-1
8,12,32,20,44,40,20,0,20,0,"a+b=20。 b=2a-a/2"
8,12,96,20,108,104,-1
8,12,192,20,204,200,-1
8,12,288,20,300,296,-1
8,12,384,20,396,392,-1
8,12,480,20,492,488,-1
8,12,576,20,588,584,-1
8,12,672,20,684,680,-1
8,12,768,20,780,776,-1
8,12,864,20,876,872,-1
8,12,960,20,972,968,-1
8,13,104,21,117,112,-1
8,13,208,21,221,216,-1
8,13,312,21,325,320,-1
8,13,416,21,429,424,-1
8,13,520,21,533,528,-1
8,13,624,21,637,632,-1
8,13,728,21,741,736,-1
8,13,832,21,845,840,-1
8,13,936,21,949,944,-1
8,13,1040,21,1053,1048,-1
8,14,112,22,126,120,-1
8,14,224,22,238,232,-1
8,14,336,22,350,344,-1
8,14,448,22,462,456,-1
8,14,560,22,574,568,-1
8,14,672,22,686,680,-1
8,14,784,22,798,792,-1
8,14,896,22,910,904,-1
8,14,1008,22,1022,1016,-1
8,14,1120,22,1134,1128,-1
8,15,120,23,135,128,-1
8,15,240,23,255,248,-1
8,15,360,23,375,368,-1
8,15,480,23,495,488,-1
8,15,600,23,615,608,-1
8,15,720,23,735,728,-1
8,15,840,23,855,848,-1
8,15,960,23,975,968,-1
8,15,1080,23,1095,1088,-1
8,15,1200,23,1215,1208,-1
8,16,128,24,144,136,-1
8,16,256,24,272,264,-1
8,16,384,24,400,392,-1
8,16,512,24,528,520,-1
8,16,640,24,656,648,-1
8,16,768,24,784,776,-1
8,16,896,24,912,904,-1
8,16,1024,24,1040,1032,-1
8,16,1152,24,1168,1160,-1
8,16,1280,24,1296,1288,-1
8,17,24,25,41,32,41,102,41,94,"b+c [尻尾102] ★変則？"
8,17,136,25,153,144,-1
8,17,272,25,289,280,-1
8,17,408,25,425,416,-1
8,17,544,25,561,552,-1
8,17,680,25,697,688,-1
8,17,816,25,833,824,-1
8,17,952,25,969,960,-1
8,17,1088,25,1105,1096,-1
8,17,1224,25,1241,1232,-1
8,17,1360,25,1377,1368,-1
8,18,144,26,162,152,-1
8,18,288,26,306,296,-1
8,18,432,26,450,440,-1
8,18,576,26,594,584,-1
8,18,720,26,738,728,-1
8,18,864,26,882,872,-1
8,18,1008,26,1026,1016,-1
8,18,1152,26,1170,1160,-1
8,18,1296,26,1314,1304,-1
8,18,1440,26,1458,1448,-1
9,10,90,19,100,99,99,0,99,0,"c+a。九九"
9,10,180,19,190,189,-1
9,10,270,19,280,279,-1
9,10,360,19,370,369,-1
9,10,450,19,460,459,-1
9,10,540,19,550,549,-1
9,10,630,19,640,639,-1
9,10,720,19,730,729,-1
9,10,810,19,820,819,-1
9,10,900,19,910,909,-1
9,11,99,20,110,108,-1
9,11,198,20,209,207,-1
9,11,297,20,308,306,-1
9,11,396,20,407,405,-1
9,11,495,20,506,504,-1
9,11,594,20,605,603,-1
9,11,693,20,704,702,-1
9,11,792,20,803,801,-1
9,11,891,20,902,900,-1
9,11,990,20,1001,999,-1
9,12,108,21,120,117,-1
9,12,216,21,228,225,-1
9,12,324,21,336,333,-1
9,12,432,21,444,441,-1
9,12,540,21,552,549,-1
9,12,648,21,660,657,-1
9,12,756,21,768,765,-1
9,12,864,21,876,873,-1
9,12,972,21,984,981,-1
9,12,1080,21,1092,1089,-1
9,13,117,22,130,126,-1
9,13,234,22,247,243,-1
9,13,351,22,364,360,-1
9,13,468,22,481,477,-1
9,13,585,22,598,594,-1
9,13,702,22,715,711,-1
9,13,819,22,832,828,-1
9,13,936,22,949,945,-1
9,13,1053,22,1066,1062,-1
9,13,1170,22,1183,1179,-1
9,14,126,23,140,135,-1
9,14,252,23,266,261,-1
9,14,378,23,392,387,-1
9,14,504,23,518,513,-1
9,14,630,23,644,639,-1
9,14,756,23,770,765,-1
9,14,882,23,896,891,-1
9,14,1008,23,1022,1017,-1
9,14,1134,23,1148,1143,-1
9,14,1260,23,1274,1269,-1
9,15,135,24,150,144,-1
9,15,270,24,285,279,-1
9,15,405,24,420,414,-1
9,15,540,24,555,549,-1
9,15,675,24,690,684,-1
9,15,810,24,825,819,-1
9,15,945,24,960,954,-1
9,15,1080,24,1095,1089,-1
9,15,1215,24,1230,1224,-1
9,15,1350,24,1365,1359,-1
9,16,144,25,160,153,-1
9,16,288,25,304,297,-1
9,16,432,25,448,441,-1
9,16,576,25,592,585,-1
9,16,720,25,736,729,-1
9,16,864,25,880,873,-1
9,16,1008,25,1024,1017,-1
9,16,1152,25,1168,1161,-1
9,16,1296,25,1312,1305,-1
9,16,1440,25,1456,1449,-1
9,17,153,26,170,162,-1
9,17,306,26,323,315,-1
9,17,459,26,476,468,-1
9,17,612,26,629,621,-1
9,17,765,26,782,774,-1
9,17,918,26,935,927,-1
9,17,1071,26,1088,1080,-1
9,17,1224,26,1241,1233,-1
9,17,1377,26,1394,1386,-1
9,17,1530,26,1547,1539,-1
9,18,162,27,180,171,-1
9,18,324,27,342,333,-1
9,18,486,27,504,495,-1
9,18,648,27,666,657,-1
9,18,810,27,828,819,-1
9,18,972,27,990,981,-1
9,18,1134,27,1152,1143,-1
9,18,1296,27,1314,1305,-1
9,18,1458,27,1476,1467,-1
9,18,1620,27,1638,1629,-1
9,19,24,28,43,33,33,38,33,29,"c+a"
9,19,171,28,190,180,-1
9,19,342,28,361,351,-1
9,19,513,28,532,522,-1
9,19,684,28,703,693,-1
9,19,855,28,874,864,-1
9,19,1026,28,1045,1035,-1
9,19,1197,28,1216,1206,-1
9,19,1368,28,1387,1377,-1
9,19,1539,28,1558,1548,-1
9,19,1710,28,1729,1719,-1
